cell_line_HMSLID	cell_line	small_molecule_HMSLID	small_molecule	GR50	GRmax	GR_AUC	EC50	GRinf	Hill	r2	pval
50105	BT-20	10001-101	Seliciclib	5.6777	0.19416	0.17548	14.4256	-1	1.1782	0.97227	0.00076891
50105	BT-20	10045-101	A443654	0.053033	-0.49221	1.0012	0.23019	-0.63357	0.55758	0.98743	0.00015792
50105	BT-20	10004-101	AT-7519	0.20444	-0.40178	0.86351	0.32038	-0.40563	1.3224	0.99936	4.14E-07
50105	BT-20	10158-101	AZD 5438	0.24591	-0.35464	0.7481	0.5504	-0.4461	0.79155	0.99091	8.25E-05
50105	BT-20	10059-101	AZD-6482	1.2867	-0.081485	0.42682	3.3958	-0.54825	0.76277	0.99881	1.41E-06
50105	BT-20	10006-101	AZD7762	0.65373	-0.40738	0.5818	1.3902	-0.56942	1.0076	0.98951	0.00011012
50105	BT-20	10007-101	AZD8055	-Inf	-0.22394	0.92212	1.5167	-1	0.16953	0.92233	0.0060323
50105	BT-20	10164-101	AZD8330	Inf	0.78478	0.24961	0	0.74888	0.01	0	1
50105	BT-20	10133-101	Afatinib	Inf	0.054486	0.25541	0	0.68319	0.01	-1.06E-12	0.12908
50105	BT-20	10232-101	BEZ235	0.014787	0.054133	0.894	0.012959	0.071138	1.1636	0.94954	0.0025465
50105	BT-20	10041-101	BI-2536	-Inf	-0.12471	1.1531	0	-0.15077	0.01	0	1
50105	BT-20	10132-101	SNS-032	0.077449	-0.31591	1.0851	0.092472	-0.29493	2.6152	0.99823	3.13E-06
50105	BT-20	10028-102	BMS345541	5.3312	0.0081955	0.1828	10.2175	-1	1.6888	0.98158	0.00033924
50105	BT-20	10055-101	BX-912	7.694	0.35277	0.14623	17.5843	-0.99999	1.3291	0.93653	0.004029
50105	BT-20	10233-101	Alpelisib	1.1683	-0.14539	0.4342	1.9725	-0.36053	1.0366	0.98765	0.00015242
50105	BT-20	10067-101	Barasertib	0.24668	-0.01329	0.64146	0.29372	-0.066258	0.71297	0.99199	6.41E-05
50105	BT-20	10177-101	Brivanib	Inf	0.79581	0.078977	0	0.9126	0.01	-1.17E-11	0.057742
50105	BT-20	10147-101	Buparlisib	0.38865	-0.33856	0.70084	0.55748	-0.34977	1.4702	0.99886	1.29E-06
50105	BT-20	10025-101	CGP60474	0.035155	-0.40505	1.214	0.045506	-0.33463	1.9855	0.97985	0.00040605
50105	BT-20	10180-101	CHIR-99021	Inf	0.87606	0.032785	0	0.95678	0.01	-9.96E-12	0.45869
50105	BT-20	10009-101	CP466722	Inf	0.58569	0.030204	5.0963	0.57082	4.9355	0.96008	0.0015936
50105	BT-20	10010-101	CP724714	15.0616	0.5398	0.17849	167.7128	-0.99999	0.45583	0.95477	0.0020457
50105	BT-20	10140-101	Momelotinib	3.1527	0.080864	0.29819	14.563	-1	0.71795	0.9573	0.0018234
50105	BT-20	10120-102	Canertinib	4.2297	-0.1297	0.27633	8.7515	-1	1.511	0.91602	0.0070521
50105	BT-20	10117-101	Celastrol	0.8533	-0.39008	0.52731	1.1232	-0.39537	2.1202	0.9918	6.72E-05
50105	BT-20	10027-101	Crizotinib	2.3584	-0.041439	0.34369	9.7441	-1	0.7744	0.94638	0.0028752
50105	BT-20	10020-101	Dasatinib	0.071187	-0.16281	0.87551	0.097725	-0.1568	0.86085	0.99309	4.78E-05
50105	BT-20	10127-101	Dovitinib	0.26661	0.17478	0.57378	0.17246	0.17289	0.97411	0.99215	6.17E-05
50105	BT-20	10069-101	Enzastaurin	Inf	1.1436	-0.090375	0	1	0.01	-2.4974	0.99999
50105	BT-20	10097-101	Erlotinib	Inf	0.54677	0.16609	0	0.81186	0.01	-2.25E-13	0.11536
50105	BT-20	10011-101	Alvocidib	0.027626	-0.33479	1.1891	0.040792	-0.32869	1.2965	0.99743	6.63E-06
50105	BT-20	10157-101	Foretinib	0.24042	-0.1138	0.69673	0.25499	-0.064306	2.0556	0.99418	3.39E-05
50105	BT-20	10047-101	GDC-0941	0.32532	-0.050454	0.62484	0.91088	-0.36533	0.53273	0.98661	0.00017938
50105	BT-20	10234-101	GDC-0980	0.023325	-0.19202	1.041	0.032723	-0.18503	0.93001	0.99601	1.59E-05
50105	BT-20	10128-101	GSK 690693	1.8982	0.37743	0.3945	0.53267	0.23616	0.50305	0.99169	6.90E-05
50105	BT-20	10172-101	GSK1059615	0.17974	-0.42506	0.89305	0.28727	-0.41611	1.2913	0.99797	4.12E-06
50105	BT-20	10134-101	GSK1904529A	Inf	0.96036	0.073422	0	0.92474	0.01	-3.83E-10	1
50105	BT-20	10146-101	Omipalisib	-Inf	-0.34156	1.2231	0.00058222	-0.49571	0.22107	0.99557	1.97E-05
50105	BT-20	10014-101	GW843682X	0.18112	-0.12889	0.75555	0.21088	-0.099886	1.1973	0.98044	0.00038243
50105	BT-20	10098-101	Gefitinib	90.9968	0.76043	0.07823	37.2656	0.21751	0.63954	0.91624	0.0070152
50105	BT-20	10108-101	Geldanamycin	0.010084	-0.21569	1.0228	0.01573	-0.16691	0.6478	0.89249	0.011559
50105	BT-20	10015-101	HG-5-113-01	1.6057	-0.15018	0.40482	7.0559	-1	0.74214	0.99751	6.21E-06
50105	BT-20	10016-101	HG-5-88-01	Inf	0.40725	0.16244	0	0.79475	0.01	-5.11E-15	0.1111
50105	BT-20	10017-101	HG-6-64-01	2.0128	-0.16843	0.35502	6.9905	-1	0.88241	0.99368	3.99E-05
50105	BT-20	10023-103	Imatinib	Inf	0.97969	-0.0069303	0	0.99998	0.01	-0.079668	0.58942
50105	BT-20	10100-101	JNK-9L	0.4482	-0.21304	0.61592	1.1974	-0.48831	0.69339	0.98976	0.00010488
50105	BT-20	10019-101	JW-7-24-1	3.2977	-0.011047	0.29933	11.4265	-1	0.88404	0.87854	0.014753
50105	BT-20	10031-101	KIN001-043	9.7826	0.47828	0.087082	13.9426	-0.79245	2.6801	0.96713	0.0010805
50105	BT-20	10115-102	LDN-193189	1.5233	-0.49299	0.45076	2.5596	-0.66026	1.622	0.99599	1.61E-05
50105	BT-20	10051-104	Lapatinib	Inf	0.74934	0.066369	0	0.91239	0.01	-4.65E-12	0.263
50105	BT-20	10182-101	Linifanib	10.2262	0.53984	-0.015916	12.5906	-0.91455	5	0.88357	0.013556
50105	BT-20	10135-101	Linsitinib	Inf	0.78946	0.10921	0	0.87806	0.01	-4.44E-16	0.79343
50105	BT-20	10057-102	MK2206	2.0097	0.098495	0.36745	15.5947	-0.99998	0.53618	0.96773	0.0010416
50105	BT-20	10479-102	Mitoxantrone	0.0057562	-0.41567	1.0998	0.051989	-0.58774	0.35318	0.97109	0.00083582
50105	BT-20	10061-101	NU7441	7.4696	0.26908	0.095305	13.3608	-0.98802	1.8756	0.99144	7.32E-05
50105	BT-20	10122-101	NVP-AEW541	15.4437	0.87273	-0.0090832	13.9663	0.19757	4.9999	0.82026	0.032305
50105	BT-20	10161-101	Luminespib	-Inf	-0.029469	1.0261	0	-0.024106	0.01	-8.85E-12	1
50105	BT-20	10024-101	NVP-TAE684	3.1657	0.1322	0.28514	5.9708	-0.41422	0.95106	0.91038	0.008031
50105	BT-20	10018-101	Neratinib	1.5214	0.31427	0.4401	179.5304	-1	0.23028	0.99274	5.27E-05
50105	BT-20	10099-101	Nilotinib	8.1306	0.03442	0.094802	10.1048	-0.98251	5	0.99947	2.84E-07
50105	BT-20	10151-101	Nintedanib	10.8818	0.51005	0.15621	5.8775	0.20287	0.84491	0.96415	0.0012849
50105	BT-20	10063-102	OSI-027	0.84268	0.15301	0.44345	0.63328	0.10745	0.84697	0.9699	0.00090614
50105	BT-20	10101-101	PD0325901	6.5694	0.44476	0.26051	20.2767	-0.33902	0.45928	0.98861	0.00012979
50105	BT-20	10026-101	PD173074	Inf	0.8803	-0.10021	0	1	0.01	-0.75736	0.72192
50105	BT-20	10048-101	PD184352	8.2232	0.30713	0.070488	9.7247	-0.32924	3.0167	0.99189	6.58E-05
50105	BT-20	10116-101	PF431396	0.31661	-0.15547	0.64785	0.41526	-0.15552	0.99852	0.98934	0.00011355
50105	BT-20	10112-101	PF477736	6.096	0.13321	0.16896	11.8039	-1	1.6626	0.96762	0.0010486
50105	BT-20	10072-101	PF562271	1.3998	-0.20088	0.43384	5.8286	-0.99998	0.77018	0.99671	1.09E-05
50105	BT-20	10125-101	PHA-665752	8.482	0.31497	0.069464	9.0362	-0.14266	3.9657	0.99764	5.57E-06
50105	BT-20	10073-101	PHA-793887	0.056348	-0.20344	0.80323	2.7031	-1	0.28383	0.99461	2.91E-05
50105	BT-20	10126-101	PI103	0.265	-0.11083	0.68464	0.30965	-0.10899	1.2666	0.9975	6.24E-06
50105	BT-20	10190-101	PIK-93	4.9222	0.097581	0.13056	5.1594	-0.064781	2.5879	0.99489	2.61E-05
50105	BT-20	10049-101	PLX-4720	6.8353	0.40791	0.15154	5.1527	0.14861	1.2482	0.99809	3.65E-06
50105	BT-20	10071-101	Palbociclib	0.15896	0.19949	0.61046	0.081727	0.156	0.56214	0.99383	3.81E-05
50105	BT-20	10159-101	Pelitinib	2.8593	-0.23135	0.33097	7.7279	-1	1.1049	0.91055	0.0080006
50105	BT-20	10075-101	QL-X-138	0.85975	-0.21304	0.49595	8.0613	-1	0.49085	0.86803	0.017417
50105	BT-20	10077-101	QL-XII-47	0.1931	-0.26733	0.76171	0.58104	-0.49608	0.62565	0.99041	9.19E-05
50105	BT-20	10040-101	R406	9.1724	0.42726	0.082957	15.2878	-0.99247	2.1407	0.99636	1.33E-05
50105	BT-20	10480-101	Radicicol	0.10661	-0.14425	0.83096	0.11922	-0.083274	1.3775	0.98562	0.00020686
50105	BT-20	10052-101	Sirolimus	Inf	0.54413	0.46021	0	0.54444	0.01	0	1
50105	BT-20	10138-105	Ruxolitinib	19.353	0.70068	0.080068	57.1961	-1	1.0138	0.85917	0.019833
50105	BT-20	10046-101	SB590885	14.9928	0.87037	0.011776	14.5223	0.072041	4.8802	0.90729	0.0085949
50105	BT-20	10119-101	SU11274	6.0356	0.075475	0.13012	10.8735	-1	1.8663	0.98928	0.00011495
50105	BT-20	10032-101	Saracatinib	4.6976	0.25253	0.22825	20.886	-0.99998	0.73631	0.99412	3.45E-05
50105	BT-20	10056-101	Selumetinib	Inf	0.9782	-0.017787	0	1	0.01	-0.25725	0.93122
50105	BT-20	10035-101	Sigma A6730	Inf	0.29737	0.18564	0	0.77279	0.01	0	0.062007
50105	BT-20	10008-101	Sorafenib	9.496	0.43972	0.16793	45.4992	-1	0.70117	0.85982	0.019649
50105	BT-20	10141-101	TG 101348	3.8949	-0.11706	0.23643	8.6611	-1	1.3747	0.98791	0.00014627
50105	BT-20	10171-101	TGX221	Inf	1.0484	-0.00039437	0	0.99793	0.01	-1.55E-07	1
50105	BT-20	10111-101	TWS119	4.9529	0.026067	0.18307	10.4361	-1	1.4741	0.99724	7.60E-06
50105	BT-20	10079-101	Torin1	0.0040431	-0.24623	1.0131	0.036747	-0.46633	0.29854	0.99426	3.30E-05
50105	BT-20	10080-101	Torin2	-Inf	-0.27972	1.1579	0.00095999	-0.38112	0.26177	0.92422	0.0057431
50105	BT-20	10021-101	Tozasertib	0.03234	-0.031796	0.96164	0.033241	-0.025243	1.7922	0.99889	1.23E-06
50105	BT-20	10142-101	Trametinib	Inf	0.68305	0.26983	0	0.73031	0.01	3.33E-16	1
50105	BT-20	10068-101	Vemurafenib	12.4682	0.58661	0.087818	32.2436	-0.99998	1.1562	0.98861	0.00012976
50105	BT-20	10039-101	WH-4-025	0.52521	-0.23928	0.58814	1.2828	-0.46439	0.73562	0.97341	0.00070697
50105	BT-20	10064-101	WYE-125132	0.029599	0.056185	0.79248	0.023761	0.065071	0.6347	0.96914	0.00095206
50105	BT-20	10082-101	WZ-4-145	4.9044	0.26562	0.26485	45.08	-1	0.49525	0.79185	0.043328
50105	BT-20	10084-101	WZ3105	0.0054408	-0.30767	1.0806	0.027736	-0.43776	0.3861	0.99592	1.67E-05
50105	BT-20	10481-101	Withaferin A	0.50695	-0.33835	0.66536	0.60461	-0.31339	2.7619	0.99794	4.25E-06
50105	BT-20	10148-101	XL147	6.6811	0.1522	0.10607	11.693	-0.99823	1.9607	0.98683	0.00017337
50105	BT-20	10086-101	XMD11-50	3.543	0.24291	0.29993	30.5251	-1	0.51013	0.97571	0.00059016
50105	BT-20	10087-101	XMD11-85h	Inf	0.73809	0.10397	0	0.87377	0.01	0	0.81296
50105	BT-20	10091-101	XMD16-144	0.10465	-0.059151	0.79011	0.10318	0.01272	1.8202	0.98639	0.00018526
50105	BT-20	10149-102	Y39983	6.8083	0.28893	0.14145	16.2403	-1	1.2637	0.98806	0.00014251
50105	BT-20	10109-101	YM 201636	3.7624	0.064639	0.23266	11.7349	-1	0.9658	0.98396	0.00025722
50105	BT-20	10053-101	ZSTK474	0.49681	-0.061587	0.55467	0.54233	-0.059846	1.2897	0.99611	1.51E-05
50238	Hs 578T	10001-101	Seliciclib	14.9597	0.67643	0.058021	33.0605	-0.99728	1.3831	0.97271	0.00074455
50238	Hs 578T	10045-101	A443654	0.055428	-0.2711	1.0238	0.085455	-0.28714	1.0483	0.99921	6.18E-07
50238	Hs 578T	10004-101	AT-7519	0.12666	-0.27831	0.91684	0.15273	-0.22896	2.0138	0.98954	0.00010941
50238	Hs 578T	10158-101	AZD 5438	0.19887	-0.17514	0.75959	0.24844	-0.16285	1.2669	0.99865	1.83E-06
50238	Hs 578T	10059-101	AZD-6482	6.2187	0.35547	0.22791	43.9321	-1	0.56193	0.95981	0.0016154
50238	Hs 578T	10006-101	AZD7762	0.025266	-0.26482	1.0164	0.044281	-0.24612	0.71341	0.96789	0.0010314
50238	Hs 578T	10007-101	AZD8055	-Inf	-0.1615	0.86486	0	0.12011	0.01	1.11E-16	0.075834
50238	Hs 578T	10164-101	AZD8330	-Inf	0.19738	0.78585	0	0.21487	0.01	-1.92E-11	1
50238	Hs 578T	10133-101	Afatinib	5.768	-0.14713	0.18809	8.9082	-1	2.5276	0.98295	0.00029067
50238	Hs 578T	10232-101	BEZ235	-Inf	0.11645	0.85024	0	0.15704	0.01	-2.22E-16	0.14266
50238	Hs 578T	10041-101	BI-2536	-Inf	-0.10876	1.0846	0	-0.089318	0.01	0	1
50238	Hs 578T	10132-101	SNS-032	0.051623	-0.13897	1.0405	0.054304	-0.13759	4.8012	0.99984	2.52E-08
50238	Hs 578T	10028-102	BMS345541	4.5732	-0.2006	0.19643	8.1211	-1	1.9132	0.99772	5.21E-06
50238	Hs 578T	10055-101	BX-912	0.8178	-0.090527	0.48355	1.1031	-0.18221	1.0382	0.99582	1.75E-05
50238	Hs 578T	10233-101	Alpelisib	16.1232	0.56143	0.17041	165.8286	-1	0.47137	0.97372	0.00069071
50238	Hs 578T	10067-101	Barasertib	-Inf	0.16252	0.71779	0	0.27567	0.01	0	0.050438
50238	Hs 578T	10177-101	Brivanib	74.0117	0.78476	0.070016	534.2762	-0.9999	0.55575	0.84592	0.02374
50238	Hs 578T	10147-101	Buparlisib	0.51338	-0.22036	0.623	0.69957	-0.26953	1.3934	0.99481	2.70E-05
50238	Hs 578T	10025-101	CGP60474	0.036168	-0.21109	1.0771	0.042104	-0.17291	1.9546	0.99198	6.43E-05
50238	Hs 578T	10180-101	CHIR-99021	10.9843	0.54022	0.097866	24.7708	-1	1.351	0.95216	0.0022885
50238	Hs 578T	10009-101	CP466722	Inf	0.66774	0.018612	5.1803	0.6537	4.8028	0.95682	0.0018643
50238	Hs 578T	10010-101	CP724714	Inf	0.85682	0.057815	999.9988	0.061718	0.39236	0.90385	0.0092454
50238	Hs 578T	10140-101	Momelotinib	2.03	0.051322	0.36649	13.3483	-1	0.58332	0.99049	9.04E-05
50238	Hs 578T	10120-102	Canertinib	5.4795	-0.27426	0.17267	8.1598	-1	2.7588	0.99759	5.79E-06
50238	Hs 578T	10117-101	Celastrol	0.73381	-0.2572	0.51064	0.85593	-0.20016	2.1872	0.98974	0.00010535
50238	Hs 578T	10027-101	Crizotinib	2.3386	0.050002	0.30205	2.9111	-0.15785	1.253	0.99655	1.19E-05
50238	Hs 578T	10020-101	Dasatinib	0.027916	-0.09088	0.9309	0.033021	-0.07656	0.84846	0.99309	4.78E-05
50238	Hs 578T	10127-101	Dovitinib	0.13798	0.24956	0.61493	0.085771	0.25097	1.4661	0.98746	0.00015725
50238	Hs 578T	10069-101	Enzastaurin	19.1543	0.9284	-0.0024793	15.2399	0.34055	4.9993	0.81681	0.03356
50238	Hs 578T	10097-101	Erlotinib	12.1022	0.59142	0.085509	26.1733	-1	1.4243	0.95658	0.0018854
50238	Hs 578T	10011-101	Alvocidib	0.038679	-0.18294	1.1122	0.042584	-0.18422	3.2607	0.9993	4.95E-07
50238	Hs 578T	10157-101	Foretinib	0.42221	-0.20805	0.594	0.73476	-0.26801	0.77466	0.92696	0.0053342
50238	Hs 578T	10047-101	GDC-0941	0.97715	0.26585	0.46532	1.624	-0.097687	0.35131	0.98765	0.00015243
50238	Hs 578T	10234-101	GDC-0980	0.085756	0.1168	0.7122	0.062397	0.12879	0.93661	0.99594	1.64E-05
50238	Hs 578T	10128-101	GSK 690693	Inf	0.74041	0.23553	0.035945	0.73537	1.0677	0.9272	0.0053003
50238	Hs 578T	10172-101	GSK1059615	0.69533	-0.10394	0.52405	1.1	-0.25626	0.90206	0.9997	9.12E-08
50238	Hs 578T	10134-101	GSK1904529A	Inf	0.95453	0.046841	0	0.95373	0.01	-4.89E-11	1
50238	Hs 578T	10146-101	Omipalisib	-Inf	-0.17439	1.0122	0.011237	-0.27213	0.36363	0.99929	5.07E-07
50238	Hs 578T	10014-101	GW843682X	0.13827	-0.13326	0.82941	0.14723	-0.079838	2.3585	0.98197	0.00032523
50238	Hs 578T	10098-101	Gefitinib	24.3134	0.84902	0.025906	18.7878	0.22103	2.2632	0.967	0.0010889
50238	Hs 578T	10108-101	Geldanamycin	0.067992	-0.087424	0.82791	0.06526	0.039355	1.9991	0.93264	0.0045375
50238	Hs 578T	10015-101	HG-5-113-01	0.88583	-0.029389	0.46775	1.0697	-0.11935	1.1347	0.99773	5.16E-06
50238	Hs 578T	10016-101	HG-5-88-01	45.7646	0.65785	0.13813	768.1406	-1	0.38951	0.90321	0.0093692
50238	Hs 578T	10017-101	HG-6-64-01	0.81189	-0.32208	0.52272	1.6504	-0.51388	0.9965	0.99113	7.86E-05
50238	Hs 578T	10023-103	Imatinib	Inf	1.0357	-0.015763	0	1	0.01	-0.77144	0.9998
50238	Hs 578T	10100-101	JNK-9L	1.1281	-0.091472	0.41831	1.2867	-0.1255	1.7028	0.99926	5.46E-07
50238	Hs 578T	10019-101	JW-7-24-1	1.6055	-0.17815	0.40561	7.2715	-1	0.72729	0.97952	0.00041923
50238	Hs 578T	10031-101	KIN001-043	6.1695	0.39923	0.066712	4.5666	0.38673	4.9355	0.99388	3.75E-05
50238	Hs 578T	10115-102	LDN-193189	2.4359	-0.34396	0.34627	5.0482	-0.87013	1.3833	0.98862	0.00012959
50238	Hs 578T	10051-104	Lapatinib	10.9295	0.6202	0.049635	11.5578	-0.16122	5	0.98264	0.00030122
50238	Hs 578T	10182-101	Linifanib	14.4552	0.68742	0.056854	28.5735	-0.99483	1.6072	0.97979	0.00040831
50238	Hs 578T	10135-101	Linsitinib	Inf	0.84342	0.052887	0	0.94031	0.01	-8.88E-16	0.1342
50238	Hs 578T	10057-102	MK2206	9.8724	0.45459	0.3187	0.87044	0.31844	0.41714	0.81255	0.035139
50238	Hs 578T	10479-102	Mitoxantrone	-Inf	-0.44598	1.1623	0.11969	-1	0.2072	0.96638	0.0011303
50238	Hs 578T	10061-101	NU7441	4.1474	0.14095	0.23806	14.3665	-1	0.88425	0.99136	7.46E-05
50238	Hs 578T	10122-101	NVP-AEW541	8.5525	0.16955	0.074493	10.4698	-0.87469	5	0.99781	4.80E-06
50238	Hs 578T	10161-101	Luminespib	-Inf	0.067008	0.92186	0	0.077846	0.01	0	1
50238	Hs 578T	10024-101	NVP-TAE684	0.5124	-0.17865	0.59407	4.9781	-1	0.48319	0.98096	0.00036252
50238	Hs 578T	10018-101	Neratinib	0.97018	0.029406	0.47058	3.6785	-0.52658	0.53976	0.99808	3.69E-06
50238	Hs 578T	10099-101	Nilotinib	8.1363	0.032679	0.033209	10.1356	-0.99999	5	0.97002	0.00089886
50238	Hs 578T	10151-101	Nintedanib	1.8905	0.095985	0.37751	14.5438	-0.99792	0.53777	0.99741	6.69E-06
50238	Hs 578T	10063-102	OSI-027	1.0441	0.1944	0.39521	0.71754	0.17048	1.1117	0.99513	2.38E-05
50238	Hs 578T	10101-101	PD0325901	0.048396	0.061377	0.72239	0.22632	-0.26991	0.27984	0.99392	3.69E-05
50238	Hs 578T	10026-101	PD173074	5.6791	0.1674	0.23268	13.9258	-1	1.2248	0.78321	0.046996
50238	Hs 578T	10048-101	PD184352	1.7086	0.2634	0.42266	96.447	-1	0.27238	0.96833	0.0010027
50238	Hs 578T	10116-101	PF431396	0.40273	-0.08809	0.59805	2.9558	-0.69998	0.43921	0.98423	0.00024884
50238	Hs 578T	10112-101	PF477736	0.14854	-0.088311	0.77797	0.15573	-0.049535	2.0003	0.99705	8.70E-06
50238	Hs 578T	10072-101	PF562271	1.7135	-0.086088	0.3962	9.7263	-1	0.63273	0.96039	0.0015687
50238	Hs 578T	10125-101	PHA-665752	7.2192	0.013843	0.11575	9.9588	-0.95856	3.3278	0.99745	6.50E-06
50238	Hs 578T	10073-101	PHA-793887	0.047127	-0.14568	0.83099	0.22271	-0.41071	0.3861	0.9886	0.00013001
50238	Hs 578T	10126-101	PI103	0.083372	0.10237	0.71969	0.062208	0.12799	1.0097	0.98998	0.00010036
50238	Hs 578T	10190-101	PIK-93	4.2032	0.18117	0.17996	4.1958	0.0015451	1.747	0.99941	3.53E-07
50238	Hs 578T	10049-101	PLX-4720	Inf	0.77564	-0.04349	0	1	0.01	-0.030022	0.13781
50238	Hs 578T	10071-101	Palbociclib	0.2958	0.32334	0.52932	0.051981	0.29278	0.50657	0.98807	0.00014241
50238	Hs 578T	10159-101	Pelitinib	3.1785	-0.11923	0.28728	8.6066	-1	1.1029	0.9764	0.00055708
50238	Hs 578T	10075-101	QL-X-138	1.0641	-0.047198	0.46429	10.9262	-1	0.4717	0.96988	0.0009075
50238	Hs 578T	10077-101	QL-XII-47	0.86789	-0.11684	0.49944	2.7911	-0.59497	0.67106	0.99777	4.97E-06
50238	Hs 578T	10040-101	R406	3.4838	0.11431	0.27435	14.5494	-1	0.76857	0.98418	0.00025034
50238	Hs 578T	10480-101	Radicicol	0.63559	0.054301	0.48461	0.60178	0.041105	1.5696	0.99765	5.54E-06
50238	Hs 578T	10052-101	Sirolimus	Inf	0.62472	0.37243	0	0.62827	0.01	-5.37E-12	1
50238	Hs 578T	10138-105	Ruxolitinib	18.7179	0.6932	0.070965	55.9887	-0.9933	0.9986	0.9829	0.00029258
50238	Hs 578T	10046-101	SB590885	9.1363	0.31145	-0.042527	11.3811	-0.99983	5	0.85232	0.021808
50238	Hs 578T	10119-101	SU11274	6.2515	0.15915	0.15219	12.2964	-1	1.624	0.98251	0.00030606
50238	Hs 578T	10032-101	Saracatinib	5.1082	0.34341	0.25107	39.9959	-0.99902	0.53353	0.9844	0.00024347
50238	Hs 578T	10056-101	Selumetinib	0.32917	0.25974	0.54573	2.6362	-0.27517	0.21075	0.97944	0.00042262
50238	Hs 578T	10035-101	Sigma A6730	8.2835	0.39451	0.14114	21.0467	-1	1.1782	0.92524	0.0055884
50238	Hs 578T	10008-101	Sorafenib	Inf	0.85868	-0.1124	0	1	0.01	-0.75951	0.68847
50238	Hs 578T	10141-101	TG 101348	1.7835	-0.16157	0.36096	3.3566	-0.50561	1.105	0.99901	9.81E-07
50238	Hs 578T	10171-101	TGX221	Inf	0.65654	0.16224	0	0.83412	0.01	-1.11E-11	0.059751
50238	Hs 578T	10111-101	TWS119	4.6245	-0.06669	0.19625	9.2754	-1	1.5785	0.99529	2.22E-05
50238	Hs 578T	10079-101	Torin1	-Inf	-0.080517	0.87452	4.6586	-1	0.12291	0.96924	0.00094646
50238	Hs 578T	10080-101	Torin2	-Inf	-0.11946	0.99861	0.0059991	-0.14096	0.4671	0.97394	0.00067903
50238	Hs 578T	10021-101	Tozasertib	-Inf	0.052639	0.90697	0	0.092249	0.01	-1.22E-14	1
50238	Hs 578T	10142-101	Trametinib	-Inf	0.1762	0.80491	0	0.20017	0.01	-5.30E-13	1
50238	Hs 578T	10068-101	Vemurafenib	Inf	0.54022	0.054607	4.0959	0.53477	4.9687	0.98496	0.00022628
50238	Hs 578T	10039-101	WH-4-025	0.2387	-0.32127	0.75397	0.38225	-0.30931	1.0227	0.98209	0.00032071
50238	Hs 578T	10064-101	WYE-125132	-Inf	0.11161	0.80634	0.00060818	-0.20974	0.10011	0.87532	0.015545
50238	Hs 578T	10082-101	WZ-4-145	0.74815	0.029693	0.49127	25.8026	-1	0.31029	0.86788	0.017457
50238	Hs 578T	10084-101	WZ3105	-Inf	-0.13645	1.126	0	-0.12504	0.01	0	1
50238	Hs 578T	10481-101	Withaferin A	0.62668	-0.27929	0.56741	0.66973	-0.1818	4.6675	0.98996	0.00010071
50238	Hs 578T	10148-101	XL147	40.1169	0.83262	0.032501	44.7098	-0.064858	1.1252	0.99754	6.04E-06
50238	Hs 578T	10086-101	XMD11-50	2.1319	-0.046984	0.35204	9.4591	-1	0.73735	0.99492	2.59E-05
50238	Hs 578T	10087-101	XMD11-85h	7.0981	0.27084	0.14751	14.4448	-1	1.5462	0.97139	0.00081858
50238	Hs 578T	10091-101	XMD16-144	-Inf	-0.14664	0.92228	2.0214	-1	0.13329	0.8981	0.010384
50238	Hs 578T	10149-102	Y39983	3.2247	0.033021	0.30309	13.4817	-1	0.768	0.88911	0.012296
50238	Hs 578T	10109-101	M 201636	4.889	0.12921	0.18861	12.6345	-1	1.1571	0.99749	6.32E-06
50238	Hs 578T	10053-101	ZSTK474	0.52697	0.15468	0.52352	0.63051	-0.04609	0.49153	0.99478	2.72E-05
50583	MCF 10A	10001-101	Seliciclib	9.4381	0.45678	0.091302	16.8906	-0.99585	1.8829	0.98546	0.00021144
50583	MCF 10A	10045-101	A443654	0.19272	-0.26552	0.79375	0.29743	-0.28569	1.0415	0.99302	4.88E-05
50583	MCF 10A	10004-101	AT-7519	0.28016	-0.30624	0.77686	0.35338	-0.28905	1.9648	0.99934	4.36E-07
50583	MCF 10A	10158-101	AZD 5438	0.30163	-0.20361	0.72376	0.39622	-0.23844	1.4296	0.99833	2.78E-06
50583	MCF 10A	10059-101	AZD-6482	8.2232	0.39883	0.14037	21.8136	-1	1.1261	0.95853	0.0017194
50583	MCF 10A	10006-101	AZD7762	0.77592	-0.18363	0.528	5.7831	-1	0.54694	0.99407	3.51E-05
50583	MCF 10A	10007-101	AZD8055	0.031387	0.0094927	0.78567	0.030026	0.011327	0.51705	0.94042	0.0035502
50583	MCF 10A	10164-101	AZD8330	-Inf	0.15139	0.86537	0	0.13539	0.01	0	1
50583	MCF 10A	10133-101	Afatinib	-Inf	0.034612	0.95278	0	0.046834	0.01	0	1
50583	MCF 10A	10232-101	BEZ235	0.028593	0.16918	0.78191	0.020164	0.17063	1.1952	0.96463	0.0012509
50583	MCF 10A	10041-101	BI-2536	-Inf	-0.027713	1.0248	0	-0.026703	0.01	-2.45E-12	1
50583	MCF 10A	10132-101	SNS-032	0.075966	-0.27681	1.0761	0.086282	-0.25998	3.2881	0.99767	5.41E-06
50583	MCF 10A	10028-102	BMS345541	52.3589	0.8455	0.039668	182.287	-0.95862	0.85825	0.9404	0.0035518
50583	MCF 10A	10055-101	BX-912	0.518	0.078316	0.50561	0.46576	0.1012	2.1272	0.99107	7.97E-05
50583	MCF 10A	10233-101	Alpelisib	8.8997	0.44612	0.16742	42.3892	-1	0.70384	0.96873	0.00097756
50583	MCF 10A	10067-101	Barasertib	-Inf	0.13407	0.8646	0	0.13921	0.01	0	1
50583	MCF 10A	10177-101	Brivanib	6.513	0.31193	0.15916	18.9538	-1	1.0285	0.99702	8.88E-06
50583	MCF 10A	10147-101	Buparlisib	1.1277	-0.19583	0.44824	1.5503	-0.28415	1.4139	0.99973	7.39E-08
50583	MCF 10A	10025-101	CGP60474	0.037622	-0.24971	1.1707	0.042246	-0.24533	3.444	0.99977	5.09E-08
50583	MCF 10A	10180-101	CHIR-99021	Inf	0.79583	0.052781	5.8086	0.68431	1.0891	0.98892	0.00012281
50583	MCF 10A	10009-101	CP466722	18.9801	0.73856	0.026891	12.2512	0.31952	2.3277	0.98852	0.0001317
50583	MCF 10A	10010-101	CP724714	Inf	0.93577	0.014213	199.0729	-0.082663	0.93398	0.90373	0.0092686
50583	MCF 10A	10140-101	Momelotinib	4.3139	0.17971	0.24341	17.2842	-1	0.79153	0.9741	0.00067091
50583	MCF 10A	10120-102	Canertinib	0.18894	-0.40812	0.73564	2.5403	-1	0.42277	0.93999	0.0036006
50583	MCF 10A	10117-101	Celastrol	0.92217	-0.24646	0.49603	1.0208	-0.19635	3.2595	0.99017	9.67E-05
50583	MCF 10A	10027-101	Crizotinib	6.0693	0.090763	0.16802	11.1209	-1	1.8141	0.98078	0.00036942
50583	MCF 10A	10020-101	Dasatinib	0.085244	-0.13074	0.80241	0.146	-0.19261	0.60557	0.99306	4.81E-05
50583	MCF 10A	10127-101	Dovitinib	0.63804	0.02962	0.49782	0.65746	-0.015829	1.0397	0.99417	3.40E-05
50583	MCF 10A	10069-101	Enzastaurin	Inf	0.97717	-0.0029557	0	0.99989	0.01	-0.0088366	0.1565
50583	MCF 10A	10097-101	Erlotinib	0.30294	0.138	0.58274	0.26473	0.11704	1.9778	0.99421	3.36E-05
50583	MCF 10A	10011-101	Alvocidib	0.027994	-0.29148	1.2235	0.034457	-0.29275	2.2191	0.99821	3.20E-06
50583	MCF 10A	10157-101	Foretinib	1.0198	-0.03541	0.40726	1.0372	-0.015806	1.8382	0.99347	4.27E-05
50583	MCF 10A	10047-101	GDC-0941	0.86248	0.10633	0.46992	1.3511	-0.15397	0.5981	0.99722	7.75E-06
50583	MCF 10A	10234-101	GDC-0980	0.14967	0.042769	0.70427	0.13653	0.05308	1.2211	0.99858	2.01E-06
50583	MCF 10A	10128-101	GSK 690693	Inf	0.86423	0.085894	0.30418	0.86791	1.6934	0.94881	0.0026199
50583	MCF 10A	10172-101	GSK1059615	0.47421	-0.094955	0.58501	0.53521	-0.10266	1.5433	0.99922	6.08E-07
50583	MCF 10A	10134-101	GSK1904529A	Inf	0.63994	0.33283	0.0077264	0.62431	0.52679	0.91661	0.0069531
50583	MCF 10A	10146-101	Omipalisib	-Inf	-0.12284	1.015	0.0004	-0.50632	0.1	0.89079	0.011926
50583	MCF 10A	10014-101	GW843682X	0.30024	-0.11839	0.67988	0.34956	-0.12715	1.4899	0.99998	3.00E-10
50583	MCF 10A	10098-101	Gefitinib	0.15703	0.10245	0.68172	0.13518	0.1016	1.5159	0.99865	1.82E-06
50583	MCF 10A	10108-101	Geldanamycin	-Inf	-0.17153	1.0555	0.0033864	-0.1612	0.49291	0.90876	0.0083249
50583	MCF 10A	10015-101	HG-5-113-01	2.0918	-0.052111	0.34865	6.1355	-0.75319	0.85387	0.99726	7.48E-06
50583	MCF 10A	10016-101	HG-5-88-01	7.7862	0.45292	0.26439	154.7489	-0.98566	0.36428	0.97758	0.0005028
50583	MCF 10A	10017-101	HG-6-64-01	4.021	-0.0044463	0.21843	9.9556	-1	1.2118	0.99964	1.28E-07
50583	MCF 10A	10023-103	Imatinib	Inf	1.0005	-0.004047	0	1	0.01	-0.3856	1
50583	MCF 10A	10100-101	JNK-9L	0.52131	-0.18031	0.60138	0.59529	-0.15167	1.9966	0.99347	4.26E-05
50583	MCF 10A	10019-101	JW-7-24-1	6.6242	0.2097	0.14904	13.1509	-1	1.602	0.98214	0.00031894
50583	MCF 10A	10031-101	KIN001-043	10.0173	0.49805	0.1013	25.2854	-0.99994	1.1865	0.9964	1.30E-05
50583	MCF 10A	10115-102	LDN-193189	4.3037	-0.40468	0.22111	6.9162	-1	2.3158	0.99882	1.39E-06
50583	MCF 10A	10051-104	Lapatinib	6.6344	0.31497	0.16466	19.1365	-0.99998	1.0371	0.98882	0.00012495
50583	MCF 10A	10182-101	Linifanib	16.0543	0.72767	0.0081079	10.4497	0.40489	3.8647	0.94596	0.0029202
50583	MCF 10A	10135-101	Linsitinib	Inf	0.65173	0.18858	1.3595	0.54426	0.52933	0.97925	0.00043052
50583	MCF 10A	10057-102	MK2206	Inf	0.4267	0.17943	0	0.80168	0.01	-1.58E-14	0.072881
50583	MCF 10A	10479-102	Mitoxantrone	0.006055	-0.19859	1.0401	0.011479	-0.20011	0.52632	0.91407	0.0073839
50583	MCF 10A	10061-101	NU7441	8.7917	0.41318	0.091027	16.9146	-0.99984	1.6787	0.99418	3.39E-05
50583	MCF 10A	10122-101	NVP-AEW541	9.8015	0.4783	0.18254	72.1511	-1	0.55034	0.95735	0.0018194
50583	MCF 10A	10161-101	Luminespib	-Inf	-0.05297	1.0584	0	-0.057682	0.01	-7.39E-10	1
50583	MCF 10A	10024-101	NVP-TAE684	1.5302	0.13546	0.41887	24.0739	-1	0.39866	0.97633	0.00056026
50583	MCF 10A	10018-101	Neratinib	0.034144	0.12782	0.76603	0.023535	0.11569	0.70722	0.99224	6.01E-05
50583	MCF 10A	10099-101	Nilotinib	10.0871	0.50788	0.060002	10.1364	-0.0089149	3.6268	0.99645	1.26E-05
50583	MCF 10A	10151-101	Nintedanib	Inf	0.91666	0.02341	0	0.97851	0.01	-8.36E-12	0.057
50583	MCF 10A	10063-102	OSI-027	0.28733	0.14115	0.57685	0.20163	0.13401	0.88091	0.99459	2.93E-05
50583	MCF 10A	10101-101	PD0325901	-Inf	0.068299	0.83965	0.0061229	-0.35523	0.10524	0.96553	0.0011883
50583	MCF 10A	10026-101	PD173074	12.1763	0.64547	0.036346	11.2901	0.11235	3.3679	0.99474	2.76E-05
50583	MCF 10A	10048-101	PD184352	0.22573	0.17284	0.59025	0.68185	-0.192	0.29397	0.99563	1.91E-05
50583	MCF 10A	10116-101	PF431396	0.12448	-0.16758	0.76561	0.19133	-0.17481	0.69743	0.97313	0.00072202
50583	MCF 10A	10112-101	PF477736	1.7214	-0.041215	0.37696	4.245	-0.55661	0.82897	0.99944	3.15E-07
50583	MCF 10A	10072-101	PF562271	0.73029	-0.20766	0.5425	2.9609	-0.7553	0.65761	0.99969	9.39E-08
50583	MCF 10A	10125-101	PHA-665752	11.8555	0.62395	0.0608	19.7659	-1	2.1492	0.98155	0.00034054
50583	MCF 10A	10073-101	PHA-793887	0.0043501	-0.20249	0.91669	1.526	-1	0.18747	0.98946	0.0001111
50583	MCF 10A	10126-101	PI103	0.31244	0.081333	0.58805	0.27302	0.082598	1.3388	0.99892	1.17E-06
50583	MCF 10A	10190-101	PIK-93	9.9192	0.49702	0.096944	9.7584	0.011417	1.4136	0.9999	1.06E-08
50583	MCF 10A	10049-101	PLX-4720	16.739	0.88811	0.013677	14.7083	0.22469	4.6138	0.97425	0.00066313
50583	MCF 10A	10071-101	Palbociclib	3.037	0.4001	0.37863	0.95468	0.18265	0.39284	0.98493	0.0002271
50583	MCF 10A	10159-101	Pelitinib	0.051368	-0.011411	0.80739	0.046251	0.049353	0.99036	0.94995	0.0025047
50583	MCF 10A	10075-101	QL-X-138	3.2091	-0.11298	0.27451	8.547	-1	1.1215	0.99003	9.94E-05
50583	MCF 10A	10077-101	QL-XII-47	2.5644	-0.14217	0.31914	8.0935	-1	0.95586	0.98527	0.00021708
50583	MCF 10A	10040-101	R406	25.1435	0.66598	0.11383	172.7669	-0.98512	0.56484	0.99761	5.69E-06
50583	MCF 10A	10480-101	Radicicol	0.211	-0.19387	0.72725	0.31124	-0.20595	0.8874	0.99063	8.78E-05
50583	MCF 10A	10052-101	Sirolimus	Inf	0.98194	0.0091568	0	0.98884	0.01	-1.77E-11	1
50583	MCF 10A	10138-105	Ruxolitinib	51.6722	0.81989	0.047924	213.0355	-0.9787	0.76546	0.94275	0.0032776
50583	MCF 10A	10046-101	SB590885	13.8444	0.68997	0.051738	20.2071	-0.55779	1.9815	0.98065	0.00037431
50583	MCF 10A	10119-101	SU11274	8.9129	0.46494	0.15072	37.8442	-0.99346	0.75675	0.9986	1.95E-06
50583	MCF 10A	10032-101	Saracatinib	3.5009	0.11061	0.25744	13.3008	-0.99998	0.82303	0.99593	1.66E-05
50583	MCF 10A	10056-101	Selumetinib	0.082961	0.17923	0.65679	0.042332	0.14809	0.52204	0.99223	6.04E-05
50583	MCF 10A	10035-101	Sigma A6730	12.593	0.60806	0.079569	27.1683	-0.99998	1.4288	0.93819	0.0038205
50583	MCF 10A	10008-101	Sorafenib	12.8446	0.64826	0.054677	23.0411	-0.93797	1.8078	0.98162	0.00033793
50583	MCF 10A	10141-101	TG 101348	3.5934	0.059445	0.23557	5.5987	-0.38682	1.2922	0.99723	7.67E-06
50583	MCF 10A	10171-101	TGX221	Inf	0.65835	0.097412	0	0.91148	0.01	-1.88E-12	0.36668
50583	MCF 10A	10111-101	TWS119	5.2212	0.051437	0.1025	5.1882	0.015559	4.9907	0.99841	2.52E-06
50583	MCF 10A	10079-101	Torin1	0.045282	0.086162	0.77749	0.034775	0.11745	1.0141	0.9835	0.00027225
50583	MCF 10A	10080-101	Torin2	0.0095334	0.027316	0.91043	0.0086218	0.044019	0.91693	0.94379	0.0031599
50583	MCF 10A	10021-101	Tozasertib	0.033273	0.058949	0.86503	0.030343	0.089505	2.1397	0.98126	0.00035102
50583	MCF 10A	10142-101	Trametinib	-Inf	0.20902	0.80196	0	0.19792	0.01	-4.94E-13	1
50583	MCF 10A	10068-101	Vemurafenib	8.9318	0.46117	0.11091	8.9381	-0.00048159	1.3742	0.99913	7.60E-07
50583	MCF 10A	10039-101	WH-4-025	1.2027	0.21506	0.37543	0.83079	0.17695	1.1808	0.99435	3.20E-05
50583	MCF 10A	10064-101	WYE-125132	0.04042	0.13929	0.76995	0.029176	0.14994	1.0936	0.98959	0.00010837
50583	MCF 10A	10082-101	WZ-4-145	4.2956	0.052655	0.23382	11.6367	-1	1.1024	0.96792	0.0010291
50583	MCF 10A	10084-101	WZ3105	0.04523	-0.27567	1.0525	0.070045	-0.28757	1.0388	0.99651	1.22E-05
50583	MCF 10A	10481-101	Withaferin A	0.57746	-0.25654	0.61513	0.64283	-0.23529	3.5962	0.99939	3.69E-07
50583	MCF 10A	10148-101	XL147	12.7308	0.59125	0.085687	33.1438	-0.99998	1.1482	0.97839	0.00046707
50583	MCF 10A	10086-101	XMD11-50	2.1634	0.12302	0.32703	3.3513	-0.22433	0.84689	0.99997	7.63E-10
50583	MCF 10A	10087-101	XMD11-85h	19.6347	0.74901	0.054126	46.7091	-0.99566	1.2643	0.95253	0.0022533
50583	MCF 10A	10091-101	XMD16-144	0.098787	-0.02444	0.75221	0.089527	0.066176	1.4425	0.96623	0.0011404
50583	MCF 10A	10149-102	Y39983	7.2212	0.35128	0.1847	25.8627	-1	0.86113	0.89198	0.011668
50583	MCF 10A	10109-101	YM 201636	6.0844	0.2962	0.17259	19.9817	-1	0.92391	0.98433	0.00024552
50583	MCF 10A	10053-101	ZSTK474	0.97882	0.17416	0.42777	0.79038	0.084609	0.86697	0.99883	1.37E-06
50029	MCF7	10001-101	Seliciclib	4.6944	-0.089265	0.19889	9.1348	-1	1.6503	0.97492	0.00062877
50029	MCF7	10045-101	A443654	-Inf	-0.36103	1.2282	0.0054813	-0.35977	0.53784	0.9668	0.0011024
50029	MCF7	10004-101	AT-7519	0.065313	-0.39836	1.1212	0.085131	-0.34301	1.9712	0.9952	2.30E-05
50029	MCF7	10158-101	AZD 5438	0.10039	-0.43106	0.95022	0.18465	-0.39344	0.95259	0.97771	0.00049669
50029	MCF7	10059-101	AZD-6482	5.0439	0.090551	0.174	11.1074	-0.95713	1.3549	0.99412	3.46E-05
50029	MCF7	10006-101	AZD7762	-Inf	-0.27189	0.96877	0.83887	-1	0.18844	0.97929	0.00042897
50029	MCF7	10007-101	AZD8055	-Inf	-0.18817	1.023	0	-0.031985	0.01	-3.30E-13	0.14737
50029	MCF7	10164-101	AZD8330	-Inf	0.40038	0.62636	0	0.37702	0.01	-6.00E-15	1
50029	MCF7	10133-101	Afatinib	3.2837	-0.23667	0.33274	7.5588	-1	1.3177	0.87706	0.015114
50029	MCF7	10232-101	BEZ235	-Inf	0.050032	0.91292	0	0.093838	0.01	-4.44E-16	0.18017
50029	MCF7	10041-101	BI-2536	-Inf	-0.18834	0.97319	0	0.014655	0.01	-2.22E-16	0.12966
50029	MCF7	10132-101	SNS-032	0.013947	-0.35321	1.2983	0.018694	-0.33864	1.7653	0.99322	4.60E-05
50029	MCF7	10028-102	BMS345541	1.2316	-0.34221	0.44173	1.9713	-0.47022	1.4092	0.99694	9.38E-06
50029	MCF7	10055-101	BX-912	1.2868	0.022883	0.43194	8.579	-0.88092	0.53547	0.97234	0.00076527
50029	MCF7	10233-101	Alpelisib	0.56439	-0.02771	0.54615	1.641	-0.38708	0.53718	0.98753	0.00015562
50029	MCF7	10067-101	Barasertib	-Inf	0.11049	0.86994	0	0.13468	0.01	-2.22E-16	1
50029	MCF7	10177-101	Brivanib	Inf	0.86022	0.094291	0	0.90173	0.01	-1.43E-12	1
50029	MCF7	10147-101	Buparlisib	0.12259	-0.18894	0.86538	0.16991	-0.21998	1.117	0.99844	2.44E-06
50029	MCF7	10025-101	CGP60474	0.038234	-0.42455	1.248	0.047106	-0.35979	2.5977	0.98768	0.00015185
50029	MCF7	10180-101	CHIR-99021	2.8044	0.22438	0.34575	46.5365	-1	0.3911	0.90747	0.0085609
50029	MCF7	10009-101	CP466722	Inf	0.60865	0.024095	4.6327	0.59959	4.8932	0.92692	0.00534
50029	MCF7	10010-101	CP724714	Inf	0.51084	0.22358	0	0.75978	0.01	0	0.21627
50029	MCF7	10140-101	Momelotinib	2.1173	0.070015	0.34683	6.6761	-0.63328	0.71254	0.99559	1.95E-05
50029	MCF7	10120-102	Canertinib	2.4841	-0.3629	0.3586	6.2424	-1	1.1922	0.94289	0.0032613
50029	MCF7	10117-101	Celastrol	0.45339	-0.18851	0.59302	0.53152	-0.16108	1.7565	0.98276	0.00029711
50029	MCF7	10027-101	Crizotinib	0.57064	-0.16543	0.57467	4.9953	-1	0.50639	0.98307	0.00028672
50029	MCF7	10020-101	Dasatinib	0.028421	-0.077595	0.97354	0.030787	-0.057197	1.3546	0.99469	2.82E-05
50029	MCF7	10127-101	Dovitinib	1.8462	0.31099	0.36539	1.1048	0.14462	0.66487	0.9927	5.33E-05
50029	MCF7	10069-101	Enzastaurin	20.1633	0.76245	0.041545	45.6814	-0.95887	1.3093	0.96088	0.0015307
50029	MCF7	10097-101	Erlotinib	Inf	0.92738	0.010912	0	0.97333	0.01	-5.11E-15	0.94576
50029	MCF7	10011-101	Alvocidib	0.018008	-0.36062	1.3181	0.0228	-0.35475	2.2726	0.99455	2.97E-05
50029	MCF7	10157-101	Foretinib	0.14236	-0.22352	0.77863	0.15331	-0.069835	1.7635	0.9489	0.0026108
50029	MCF7	10047-101	GDC-0941	0.017181	-0.077378	0.9386	0.021385	-0.081398	0.68895	0.9892	0.00011658
50029	MCF7	10234-101	GDC-0980	-Inf	-0.050261	1.0235	0	-0.012565	0.01	-3.24E-14	0.28779
50029	MCF7	10128-101	GSK 690693	0.17501	0.32229	0.55844	0.028303	0.28614	0.46617	0.9934	4.35E-05
50029	MCF7	10172-101	GSK1059615	0.51331	-0.19007	0.58789	0.73248	-0.2413	1.1075	0.99816	3.38E-06
50029	MCF7	10134-101	GSK1904529A	0.034446	0.33013	0.59713	0.0019797	0.27603	0.28115	0.98257	0.00030385
50029	MCF7	10146-101	Omipalisib	-Inf	-0.21456	1.052	0.0012939	-0.63468	0.1	0.78442	0.046475
50029	MCF7	10014-101	GW843682X	0.069722	0.041354	0.79926	0.061887	0.090809	1.6815	0.97395	0.00067847
50029	MCF7	10098-101	Gefitinib	Inf	0.81524	-0.026408	0	1	0.01	-0.02382	0.11182
50029	MCF7	10108-101	Geldanamycin	0.024718	-0.29405	0.93709	0.065607	-0.29995	0.48143	0.84525	0.023949
50029	MCF7	10015-101	HG-5-113-01	0.33303	-0.21054	0.65027	0.67853	-0.33645	0.72299	0.98604	0.00019479
50029	MCF7	10016-101	HG-5-88-01	0.30513	-0.064271	0.60553	9.668	-1	0.3179	0.96758	0.0010508
50029	MCF7	10017-101	HG-6-64-01	3.9299	-0.34688	0.17574	5.4559	-0.64042	2.5132	0.97873	0.0004524
50029	MCF7	10023-103	Imatinib	Inf	0.90187	-0.052186	0	1	0.01	-0.40804	0.52087
50029	MCF7	10100-101	JNK-9L	0.1436	-0.23168	0.86078	0.22615	-0.29886	1.0318	0.97666	0.00054485
50029	MCF7	10019-101	JW-7-24-1	0.16879	-0.13286	0.68081	5.7939	-1	0.3107	0.97926	0.00043001
50029	MCF7	10031-101	KIN001-043	5.899	0.23154	0.20999	17.1701	-1	1.0283	0.86875	0.017227
50029	MCF7	10115-102	LDN-193189	2.593	-0.36525	0.29094	3.7471	-0.55263	2.022	0.99651	1.21E-05
50029	MCF7	10051-104	Lapatinib	8.3487	0.33399	0.13824	13.6698	-0.99994	2.2279	0.83275	0.027972
50029	MCF7	10182-101	Linifanib	6.5719	0.073169	0.12761	10.6811	-1	2.2621	0.99066	8.72E-05
50029	MCF7	10135-101	Linsitinib	1.139	0.28399	0.45087	4.1223	-0.259	0.3245	0.95148	0.002354
50029	MCF7	10057-102	MK2206	0.13077	-0.085686	0.68575	7.8204	-1	0.26854	0.92941	0.0049835
50029	MCF7	10479-102	Mitoxantrone	-Inf	-0.56467	1.1353	0.15163	-1	0.22591	0.8229	0.031363
50029	MCF7	10061-101	NU7441	6.7206	0.30015	0.15451	17.2379	-1	1.1663	0.98856	0.00013086
50029	MCF7	10122-101	NVP-AEW541	0.97707	-0.052414	0.47255	6.1349	-0.77134	0.50796	0.89229	0.011602
50029	MCF7	10161-101	Luminespib	-Inf	-0.0097564	0.97035	0	0.027621	0.01	-6.66E-16	1
50029	MCF7	10024-101	NVP-TAE684	0.049388	-0.18511	0.9738	0.060541	-0.14588	1.2573	0.98549	0.00021067
50029	MCF7	10018-101	Neratinib	0.67968	0.098743	0.50877	25.3175	-1	0.30368	0.97743	0.00050949
50029	MCF7	10099-101	Nilotinib	7.2057	0.050294	0.10566	9.105	-0.63353	3.4986	0.99312	4.74E-05
50029	MCF7	10151-101	Nintedanib	1.5452	0.073981	0.38232	2.5636	-0.23861	0.77074	0.99502	2.48E-05
50029	MCF7	10063-102	OSI-027	0.221	0.12811	0.60073	0.16206	0.16348	1.2765	0.9906	8.84E-05
50029	MCF7	10101-101	PD0325901	0.28836	0.037687	0.58305	23.156	-1	0.25049	0.92478	0.0056583
50029	MCF7	10026-101	PD173074	10.3178	0.5556	-0.028071	12.8474	-0.99658	5	0.83806	0.026226
50029	MCF7	10048-101	PD184352	4.0474	0.35121	0.31822	33.6513	-0.65079	0.39358	0.96777	0.0010389
50029	MCF7	10116-101	PF431396	0.12218	-0.27883	0.80658	0.2525	-0.31264	0.66904	0.96928	0.00094364
50029	MCF7	10112-101	PF477736	0.072416	0.051863	0.70135	0.16406	-0.15941	0.33839	0.9811	0.00035703
50029	MCF7	10072-101	PF562271	0.44095	-0.30894	0.64499	1.5212	-0.67406	0.68932	0.99923	5.89E-07
50029	MCF7	10125-101	PHA-665752	Inf	0.69779	0.010218	4.2147	0.69377	4.9998	0.88879	0.012368
50029	MCF7	10073-101	PHA-793887	-Inf	-0.32739	0.98894	0.64065	-1	0.18451	0.92978	0.0049305
50029	MCF7	10126-101	PI103	0.085657	-0.14437	0.87129	0.10317	-0.12043	1.1603	0.9965	1.22E-05
50029	MCF7	10190-101	PIK-93	3.0835	0.082176	0.20208	3.0165	0.024743	2.3085	0.99105	8.02E-05
50029	MCF7	10049-101	PLX-4720	9.9949	0.49989	0.078824	4.5449	0.46721	3.457	0.9766	0.00054776
50029	MCF7	10071-101	Palbociclib	0.25956	0.29624	0.54823	0.079167	0.26144	0.6232	0.99829	2.93E-06
50029	MCF7	10159-101	Pelitinib	2.4557	-0.16575	0.29266	4.1707	-0.52265	1.3509	0.99616	1.48E-05
50029	MCF7	10075-101	QL-X-138	0.059287	-0.097017	0.73129	7.1224	-1	0.22942	0.96503	0.0012232
50029	MCF7	10077-101	QL-XII-47	0.067914	-0.17515	0.90555	0.09634	-0.18604	0.90469	0.98579	0.00020192
50029	MCF7	10040-101	R406	6.1864	0.27838	0.16672	17.7881	-1	1.0402	0.98004	0.00039842
50029	MCF7	10480-101	Radicicol	0.051642	-0.090206	0.82631	0.049413	0.022584	1.0476	0.90075	0.0098515
50029	MCF7	10052-101	Sirolimus	-Inf	0.45957	0.50588	0	0.49218	0.01	-2.22E-16	1
50029	MCF7	10138-105	Ruxolitinib	Inf	0.78894	0.021838	0	0.96189	0.01	-4.46E-11	0.056319
50029	MCF7	10046-101	SB590885	9.6217	0.42379	0.042653	11.98	-0.99619	5	0.94411	0.0031236
50029	MCF7	10119-101	SU11274	5.2158	0.099497	0.15293	11.6875	-0.99999	1.3616	0.97283	0.00073809
50029	MCF7	10032-101	Saracatinib	0.24463	0.22036	0.56716	0.14148	0.23081	1.1308	0.99476	2.75E-05
50029	MCF7	10056-101	Selumetinib	Inf	0.51885	0.38653	0.078425	0.53495	1.4966	0.98504	0.00022373
50029	MCF7	10035-101	Sigma A6730	1.1834	0.01724	0.44251	17.2122	-1	0.41035	0.89887	0.010228
50029	MCF7	10008-101	Sorafenib	6.8868	0.24083	0.16362	13.7648	-1	1.5864	0.9464	0.002873
50029	MCF7	10141-101	TG 101348	1.3827	-0.26388	0.4195	2.5263	-0.51534	1.1754	0.99849	2.28E-06
50029	MCF7	10171-101	TGX221	Inf	0.77712	0.11976	0	0.8706	0.01	0	0.99855
50029	MCF7	10111-101	TWS119	3.8945	-0.16189	0.19246	4.5639	-0.28596	2.8514	0.99672	1.07E-05
50029	MCF7	10079-101	Torin1	-Inf	-0.064574	0.94713	0.083322	-0.72228	0.10014	0.9936	4.10E-05
50029	MCF7	10080-101	Torin2	-Inf	-0.10836	1.0362	0	-0.039204	0.01	-3.09E-12	0.90063
50029	MCF7	10021-101	Tozasertib	-Inf	0.04057	0.93216	0	0.065676	0.01	0	1
50029	MCF7	10142-101	Trametinib	-Inf	0.42518	0.61374	0	0.38778	0.01	-7.04E-14	1
50029	MCF7	10068-101	Vemurafenib	Inf	0.8742	0.0026193	12.8292	0.53373	3.992	0.88754	0.012647
50029	MCF7	10039-101	WH-4-025	0.3178	-0.087034	0.62074	0.36929	-0.074672	0.9269	0.96509	0.0012187
50029	MCF7	10064-101	WYE-125132	-Inf	0.012991	0.87631	0	0.11781	0.01	-6.91E-12	0.13753
50029	MCF7	10082-101	WZ-4-145	0.43411	-0.25475	0.58937	5.8028	-1	0.42372	0.90944	0.0082015
50029	MCF7	10084-101	WZ3105	-Inf	-0.29557	1.2821	0	-0.28587	0.01	-3.47E-12	1
50029	MCF7	10481-101	Withaferin A	0.28661	-0.18271	0.68575	0.31961	-0.11937	1.9644	0.97878	0.00045037
50029	MCF7	10148-101	XL147	10.8335	0.63346	-0.01605	13.4034	-0.94947	5	0.85197	0.021912
50029	MCF7	10086-101	XMD11-50	0.63427	0.035649	0.51458	0.92037	-0.14607	0.68844	0.99704	8.74E-06
50029	MCF7	10087-101	XMD11-85h	Inf	0.30792	0.24036	0	0.72142	0.01	-2.22E-16	0.13644
50029	MCF7	10091-101	XMD16-144	-Inf	-0.2637	0.88212	0	0.091922	0.01	-4.44E-16	0.28861
50029	MCF7	10149-102	Y39983	4.1472	-0.22246	0.19963	7.7554	-1	1.7551	0.99574	1.82E-05
50029	MCF7	10109-101	YM 201636	2.0407	0.00082053	0.32857	3.8284	-0.39456	0.92459	0.9854	0.00021319
50029	MCF7	10053-101	ZSTK474	0.080666	-0.0079193	0.81261	0.082024	-0.0093393	1.1089	0.99962	1.43E-07
50058	MDA-MB-231	10001-101	Seliciclib	8.3293	0.41149	0.13417	23.5842	-1	1.0555	0.97138	0.00081918
50058	MDA-MB-231	10045-101	A443654	0.071761	-0.35814	0.97613	0.13012	-0.34979	0.89123	0.9895	0.00011024
50058	MDA-MB-231	10004-101	AT-7519	0.077519	-0.38695	1.0642	0.11552	-0.37145	1.3925	0.99767	5.42E-06
50058	MDA-MB-231	10158-101	AZD 5438	0.19521	-0.31172	0.80899	0.34159	-0.35894	0.967	0.99942	3.38E-07
50058	MDA-MB-231	10059-101	AZD-6482	9.3925	0.48045	0.2211	114.426	-0.99997	0.43943	0.99317	4.67E-05
50058	MDA-MB-231	10006-101	AZD7762	0.09949	-0.2926	0.90321	0.20437	-0.37217	0.77286	0.99033	9.36E-05
50058	MDA-MB-231	10007-101	AZD8055	0.020313	-0.048435	0.7676	9.3784	-0.99999	0.17907	0.93072	0.0047998
50058	MDA-MB-231	10164-101	AZD8330	-Inf	0.083439	0.92525	0	0.077888	0.01	-2.22E-16	1
50058	MDA-MB-231	10133-101	Afatinib	2.0622	-0.21087	0.37471	7.9318	-1	0.81554	0.90514	0.0089992
50058	MDA-MB-231	10232-101	BEZ235	0.024795	0.22006	0.74869	0.01573	0.22345	1.3014	0.85476	0.021095
50058	MDA-MB-231	10041-101	BI-2536	-Inf	-0.051638	0.9961	0	-0.00017052	0.01	-3.75E-14	1
50058	MDA-MB-231	10132-101	SNS-032	0.034343	-0.2084	1.1679	0.03794	-0.22442	3.7222	0.99516	2.34E-05
50058	MDA-MB-231	10028-102	BMS345541	1.9025	-0.2545	0.37294	5.9035	-0.99999	0.97015	0.99929	5.00E-07
50058	MDA-MB-231	10055-101	BX-912	0.89218	-0.027613	0.46662	1.2795	-0.1868	0.88033	0.99464	2.87E-05
50058	MDA-MB-231	10233-101	Alpelisib	16.9715	0.66056	0.077964	53.1404	-0.99953	0.96224	0.98422	0.0002489
50058	MDA-MB-231	10067-101	Barasertib	-Inf	0.10556	0.86123	0	0.14123	0.01	0	0.66731
50058	MDA-MB-231	10177-101	Brivanib	Inf	0.6781	0.10658	0	0.87755	0.01	-2.22E-16	0.13566
50058	MDA-MB-231	10147-101	Buparlisib	1.1939	-0.2597	0.43641	1.9633	-0.41885	1.2234	0.99565	1.89E-05
50058	MDA-MB-231	10025-101	CGP60474	0.028629	-0.3177	1.1949	0.038509	-0.30368	1.6009	0.99273	5.29E-05
50058	MDA-MB-231	10180-101	CHIR-99021	Inf	0.75957	0.16899	0	0.83077	0.01	-4.61E-11	0.11213
50058	MDA-MB-231	10009-101	CP466722	12.1507	0.56916	0.092945	31.8513	-1	1.14	0.88692	0.012788
50058	MDA-MB-231	10010-101	CP724714	Inf	0.83067	0.10581	0	0.89033	0.01	-3.60E-14	0.083285
50058	MDA-MB-231	10140-101	Momelotinib	1.1918	-0.10975	0.45164	8.8763	-1	0.54713	0.96801	0.0010237
50058	MDA-MB-231	10120-102	Canertinib	3.3688	-0.2531	0.27224	7.2713	-1	1.4279	0.9832	0.0002821
50058	MDA-MB-231	10117-101	Celastrol	0.61055	-0.35425	0.56875	0.77665	-0.29049	1.9035	0.9847	0.00023404
50058	MDA-MB-231	10027-101	Crizotinib	1.1928	-0.021601	0.43617	2.3836	-0.36848	0.79748	0.9795	0.00042018
50058	MDA-MB-231	10020-101	Dasatinib	0.017735	-0.24972	1.1574	0.024191	-0.24036	1.2644	0.99886	1.29E-06
50058	MDA-MB-231	10127-101	Dovitinib	0.69908	0.22529	0.44753	0.37338	0.22074	0.92876	0.97698	0.00052992
50058	MDA-MB-231	10069-101	Enzastaurin	Inf	1.0047	-0.0057978	0	1	0.01	-0.36888	0.99979
50058	MDA-MB-231	10097-101	Erlotinib	12.4049	0.65244	0.078146	19.8064	-0.88695	2.1804	0.80054	0.039783
50058	MDA-MB-231	10011-101	Alvocidib	0.028199	-0.29197	1.2235	0.033462	-0.28283	2.6198	0.99916	7.05E-07
50058	MDA-MB-231	10157-101	Foretinib	0.16282	-0.21534	0.74332	0.17987	-0.07135	1.3391	0.94359	0.0031817
50058	MDA-MB-231	10047-101	GDC-0941	5.7905	0.37329	0.31543	301.3357	-1	0.27799	0.86986	0.016936
50058	MDA-MB-231	10234-101	GDC-0980	0.23239	0.1466	0.59784	0.18497	0.057481	0.53505	0.99624	1.42E-05
50058	MDA-MB-231	10128-101	GSK 690693	Inf	0.86721	0.073327	0	0.91738	0.01	-6.18E-11	1
50058	MDA-MB-231	10172-101	GSK1059615	1.2766	0.0030288	0.3713	1.2963	-0.013418	1.731	0.99767	5.41E-06
50058	MDA-MB-231	10134-101	GSK1904529A	Inf	0.9368	0.097999	0	0.8982	0.01	-2.03E-13	1
50058	MDA-MB-231	10146-101	Omipalisib	0.033543	-0.17152	0.93165	0.059222	-0.21155	0.62068	0.99927	5.40E-07
50058	MDA-MB-231	10014-101	GW843682X	0.26717	-0.039837	0.66966	0.28308	-0.041017	1.363	0.99106	8.00E-05
50058	MDA-MB-231	10098-101	Gefitinib	Inf	0.8983	-0.0096469	0	0.99998	0.01	-0.0085072	0.11005
50058	MDA-MB-231	10108-101	Geldanamycin	0.029912	-0.28043	1.0057	0.04751	-0.22221	0.79472	0.9301	0.0048866
50058	MDA-MB-231	10015-101	HG-5-113-01	0.77094	-0.061728	0.48725	0.93697	-0.12227	1.1217	0.9979	4.39E-06
50058	MDA-MB-231	10016-101	HG-5-88-01	Inf	0.46288	0.2167	0	0.75807	0.01	0	0.14373
50058	MDA-MB-231	10017-101	HG-6-64-01	0.71534	-0.33002	0.54917	1.9566	-0.64184	0.82069	0.98724	0.00016282
50058	MDA-MB-231	10023-103	Imatinib	19.5294	0.91427	0.0035034	14.4542	0.38677	4.9354	0.9373	0.0039313
50058	MDA-MB-231	10100-101	JNK-9L	0.28183	-0.18028	0.70852	0.44011	-0.26779	0.96231	0.9864	0.00018487
50058	MDA-MB-231	10019-101	JW-7-24-1	2.1376	-0.1186	0.3625	9.8305	-1	0.72002	0.89432	0.011168
50058	MDA-MB-231	10031-101	KIN001-043	Inf	0.23599	0.2179	0	0.74809	0.01	0	0.065384
50058	MDA-MB-231	10115-102	LDN-193189	1.7079	-0.34588	0.40251	2.5232	-0.47639	1.7148	0.99648	1.24E-05
50058	MDA-MB-231	10051-104	Lapatinib	Inf	0.61768	0.092286	0	0.88119	0.01	-2.22E-16	0.061917
50058	MDA-MB-231	10182-101	Linifanib	8.7845	0.22094	0.013294	10.943	-0.99996	5	0.9548	0.002043
50058	MDA-MB-231	10135-101	Linsitinib	Inf	0.71192	0.16158	0	0.8244	0.01	-8.58E-12	0.68569
50058	MDA-MB-231	10057-102	MK2206	9.6715	0.4512	0.19668	80.4245	-1	0.51867	0.91801	0.0067228
50058	MDA-MB-231	10479-102	Mitoxantrone	-Inf	-0.44879	1.1989	0.035292	-1	0.1488	0.93251	0.0045542
50058	MDA-MB-231	10061-101	NU7441	4.3667	0.15885	0.22267	14.2289	-1	0.93003	0.99388	3.75E-05
50058	MDA-MB-231	10122-101	NVP-AEW541	8.0122	0.20853	0.097672	11.0898	-0.88595	3.1365	0.99582	1.75E-05
50058	MDA-MB-231	10161-101	Luminespib	-Inf	-0.12397	1.0891	0	-0.091367	0.01	0	1
50058	MDA-MB-231	10024-101	NVP-TAE684	0.76875	-0.21792	0.5395	4.7863	-0.99993	0.60073	0.99329	4.51E-05
50058	MDA-MB-231	10018-101	Neratinib	2.141	0.14621	0.35859	13.5083	-0.84848	0.5386	0.99709	8.46E-06
50058	MDA-MB-231	10099-101	Nilotinib	5.7148	-0.0019592	0.20915	10.0789	-1	1.9363	0.93421	0.0043289
50058	MDA-MB-231	10151-101	Nintedanib	7.9065	0.34621	0.091919	15.8275	-0.99938	1.5823	0.97413	0.00066903
50058	MDA-MB-231	10063-102	OSI-027	4.1081	0.28248	0.26586	18.6775	-0.74665	0.6033	0.9769	0.00053352
50058	MDA-MB-231	10101-101	PD0325901	0.077722	-0.09132	0.80372	0.14227	-0.20135	0.55973	0.99722	7.72E-06
50058	MDA-MB-231	10026-101	PD173074	8.1895	0.049153	0.035899	10.2018	-0.99997	5	0.97273	0.00074378
50058	MDA-MB-231	10048-101	PD184352	2.7647	0.17666	0.32633	21.2989	-1	0.53808	0.9789	0.00044524
50058	MDA-MB-231	10116-101	PF431396	0.42723	-0.19902	0.60903	0.87159	-0.34812	0.74111	0.98519	0.00021934
50058	MDA-MB-231	10112-101	PF477736	1.5754	-0.019605	0.39835	7.3475	-0.84837	0.64424	0.99513	2.37E-05
50058	MDA-MB-231	10072-101	PF562271	1.194	-0.19731	0.46508	5.7789	-1	0.69669	0.99095	8.19E-05
50058	MDA-MB-231	10125-101	PHA-665752	6.0035	-0.31659	0.13709	7.5357	-0.74111	3.9997	0.99923	5.95E-07
50058	MDA-MB-231	10073-101	PHA-793887	0.0079555	-0.26517	0.97965	0.10665	-0.5778	0.2959	0.98929	0.00011471
50058	MDA-MB-231	10126-101	PI103	0.36485	0.086551	0.56732	0.5601	-0.11047	0.46571	0.97123	0.00082758
50058	MDA-MB-231	10190-101	PIK-93	6.7338	0.27071	0.12953	15.093	-0.99994	1.3612	0.99702	8.87E-06
50058	MDA-MB-231	10049-101	PLX-4720	Inf	0.66401	0.078405	5.3805	0.51705	1.3251	0.99316	4.68E-05
50058	MDA-MB-231	10071-101	Palbociclib	0.32471	0.27688	0.5401	0.12419	0.15667	0.39111	0.99673	1.07E-05
50058	MDA-MB-231	10159-101	Pelitinib	2.2803	-0.14433	0.30964	4.0736	-0.52245	1.2329	0.99467	2.84E-05
50058	MDA-MB-231	10075-101	QL-X-138	2.0617	-0.14134	0.37358	8.8324	-1	0.75513	0.92069	0.0062901
50058	MDA-MB-231	10077-101	QL-XII-47	0.1457	-0.12999	0.7423	0.38195	-0.33565	0.53291	0.99626	1.40E-05
50058	MDA-MB-231	10040-101	R406	4.809	0.19759	0.21108	15.935	-1	0.91701	0.99423	3.33E-05
50058	MDA-MB-231	10480-101	Radicicol	0.23753	-0.034369	0.67143	0.24031	-0.010978	1.8621	0.98902	0.00012047
50058	MDA-MB-231	10052-101	Sirolimus	Inf	0.78856	0.20373	0	0.79751	0.01	-2.51E-12	1
50058	MDA-MB-231	10138-105	Ruxolitinib	15.2191	0.68353	0.081642	33.3073	-1	1.4027	0.78324	0.046984
50058	MDA-MB-231	10046-101	SB590885	4.5999	-0.19698	0.22772	8.214	-1	1.8948	0.97561	0.00059479
50058	MDA-MB-231	10119-101	SU11274	6.3896	0.094275	0.12236	10.9893	-0.99993	2.026	0.99236	5.84E-05
50058	MDA-MB-231	10032-101	Saracatinib	1.1024	0.34026	0.42665	0.20808	0.32867	0.64237	0.9587	0.0017058
50058	MDA-MB-231	10056-101	Selumetinib	0.72572	0.19395	0.48445	0.7006	0.0087471	0.501	0.98444	0.00024219
50058	MDA-MB-231	10035-101	Sigma A6730	Inf	0.57319	0.14312	0	0.8352	0.01	-1.09E-11	0.11352
50058	MDA-MB-231	10008-101	Sorafenib	Inf	0.81455	0.067217	0	0.92989	0.01	-1.32E-09	0.073949
50058	MDA-MB-231	10141-101	TG 101348	1.5793	-0.31014	0.40872	2.8987	-0.58459	1.275	0.99821	3.20E-06
50058	MDA-MB-231	10171-101	TGX221	Inf	0.7121	0.18339	0	0.81926	0.01	-3.75E-12	1
50058	MDA-MB-231	10111-101	TWS119	3.9184	0.043233	0.24004	11.3972	-1	1.029	0.98659	0.00017974
50058	MDA-MB-231	10079-101	Torin1	0.017765	-0.038252	0.78469	1.6549	-0.72947	0.19843	0.97879	0.00044976
50058	MDA-MB-231	10080-101	Torin2	-Inf	-0.20686	0.96661	0.95717	-0.99999	0.1473	0.96667	0.0011112
50058	MDA-MB-231	10021-101	Tozasertib	-Inf	0.08887	0.92394	0	0.077044	0.01	0	1
50058	MDA-MB-231	10142-101	Trametinib	-Inf	0.1102	0.88712	0	0.11165	0.01	-4.59E-12	1
50058	MDA-MB-231	10068-101	Vemurafenib	8.5796	0.42351	0.12719	22.4194	-1	1.1437	0.9829	0.00029257
50058	MDA-MB-231	10039-101	WH-4-025	0.15819	-0.19865	0.78243	0.21559	-0.18118	0.9988	0.98824	0.00013824
50058	MDA-MB-231	10064-101	WYE-125132	0.025026	0.090931	0.70716	0.49677	-0.38224	0.19003	0.93954	0.0036556
50058	MDA-MB-231	10082-101	WZ-4-145	3.2069	-0.058396	0.31455	10.7589	-1	0.90761	0.82609	0.030243
50058	MDA-MB-231	10084-101	WZ3105	-Inf	-0.23682	1.2276	0	-0.22037	0.01	-3.11E-15	1
50058	MDA-MB-231	10481-101	Withaferin A	0.46791	-0.34114	0.63726	0.56959	-0.26388	2.1551	0.99013	9.74E-05
50058	MDA-MB-231	10148-101	XL147	Inf	0.89867	-0.015697	0	1	0.01	-0.033507	0.17452
50058	MDA-MB-231	10086-101	XMD11-50	0.5877	0.063391	0.51056	0.60116	-0.0098974	0.86573	0.99726	7.49E-06
50058	MDA-MB-231	10087-101	XMD11-85h	Inf	0.31304	0.21585	0	0.74309	0.01	0	0.096712
50058	MDA-MB-231	10091-101	XMD16-144	-Inf	-0.16623	0.89488	0	0.10037	0.01	-1.12E-12	0.055349
50058	MDA-MB-231	10149-102	Y39983	2.8674	-0.30486	0.35224	6.9706	-1	1.2368	0.89826	0.010351
50058	MDA-MB-231	10109-101	YM 201636	3.9446	0.080504	0.24125	12.9279	-1	0.92551	0.96397	0.001298
50058	MDA-MB-231	10053-101	ZSTK474	3.7625	0.38455	0.33103	7.0504	-0.14912	0.41562	0.99799	4.05E-06
50057	SK-BR-3	10001-101	Seliciclib	5.1252	0.16032	0.17093	13.3386	-1	1.1486	0.9912	7.75E-05
50057	SK-BR-3	10045-101	A443654	-Inf	-0.37657	1.2708	0.001358	-0.39418	0.41035	0.96401	0.0012956
50057	SK-BR-3	10004-101	AT-7519	0.06043	-0.54423	1.1234	0.11825	-0.49714	1.0283	0.97699	0.00052941
50057	SK-BR-3	10158-101	AZD 5438	0.19728	-0.48045	0.86289	0.39791	-0.51009	1.0023	0.99562	1.92E-05
50057	SK-BR-3	10059-101	AZD-6482	2.8575	-0.11467	0.27429	3.7035	-0.2995	1.8101	0.9921	6.24E-05
50057	SK-BR-3	10006-101	AZD7762	-Inf	-0.35468	1.2165	0.0041058	-0.42952	0.37119	0.99026	9.48E-05
50057	SK-BR-3	10007-101	AZD8055	-Inf	-0.35159	1.1417	0	-0.15207	0.01	0	0.095704
50057	SK-BR-3	10164-101	AZD8330	Inf	0.77804	0.29089	0	0.7006	0.01	0	1
50057	SK-BR-3	10133-101	Afatinib	-Inf	-0.18244	1.1205	0	-0.12867	0.01	0	1
50057	SK-BR-3	10232-101	BEZ235	-Inf	-0.047163	1.0156	0	-0.0050237	0.01	-1.80E-14	1
50057	SK-BR-3	10041-101	BI-2536	-Inf	-0.23781	1.1731	0	-0.17745	0.01	0	1
50057	SK-BR-3	10132-101	SNS-032	0.038875	-0.38743	1.2444	0.048413	-0.35883	2.4654	0.99722	7.75E-06
50057	SK-BR-3	10028-102	BMS345541	1.6672	-0.38578	0.39	3.908	-0.84361	1.1604	0.99486	2.64E-05
50057	SK-BR-3	10055-101	BX-912	0.16623	-0.046465	0.77057	0.18795	-0.090637	1.3564	0.94276	0.0032759
50057	SK-BR-3	10233-101	Alpelisib	1.261	-0.09884	0.44419	8.4206	-1	0.57858	0.98634	0.00018671
50057	SK-BR-3	10067-101	Barasertib	-Inf	-0.086782	1.0762	0	-0.07457	0.01	0	1
50057	SK-BR-3	10177-101	Brivanib	Inf	0.8293	0.16338	0	0.83481	0.01	-2.85E-10	1
50057	SK-BR-3	10147-101	Buparlisib	0.17237	-0.34688	0.88769	0.24837	-0.34628	1.4408	0.99956	1.91E-07
50057	SK-BR-3	10025-101	CGP60474	0.037858	-0.43426	1.1468	0.070943	-0.42132	0.9732	0.98638	0.0001855
50057	SK-BR-3	10180-101	CHIR-99021	Inf	0.47076	0.268	0	0.71043	0.01	0	0.38862
50057	SK-BR-3	10009-101	CP466722	10.7716	0.53008	0.04715	9.9764	0.062456	1.7398	0.88253	0.013799
50057	SK-BR-3	10010-101	CP724714	0.031194	-0.092307	0.81397	0.094221	-0.24571	0.36161	0.9444	0.0030918
50057	SK-BR-3	10140-101	Momelotinib	2.4774	0.070484	0.34113	16.1577	-1	0.58586	0.93586	0.0041143
50057	SK-BR-3	10120-102	Canertinib	-Inf	-0.27102	1.0665	0.22261	-0.99572	0.13387	0.96097	0.0015236
50057	SK-BR-3	10117-101	Celastrol	0.18589	-0.26616	0.86003	0.21873	-0.23384	2.3581	0.98542	0.00021264
50057	SK-BR-3	10027-101	Crizotinib	1.423	-0.18592	0.43345	7.734	-1	0.64898	0.87014	0.016864
50057	SK-BR-3	10020-101	Dasatinib	2.6797	-0.15643	0.3036	7.4737	-0.99998	1.0711	0.99832	2.82E-06
50057	SK-BR-3	10127-101	Dovitinib	0.56265	0.14215	0.53059	28.7574	-1	0.27926	0.98029	0.00038865
50057	SK-BR-3	10069-101	Enzastaurin	Inf	0.98053	-0.064189	0	1	0.01	-2.4606	0.97556
50057	SK-BR-3	10097-101	Erlotinib	6.8084	0.15523	0.18102	11.6989	-1	2.0295	0.83111	0.028522
50057	SK-BR-3	10011-101	Alvocidib	0.021854	-0.41651	1.3211	0.029482	-0.3926	1.9355	0.99254	5.57E-05
50057	SK-BR-3	10157-101	Foretinib	0.20078	-0.11024	0.74042	0.20953	-0.073477	3.2142	0.99376	3.89E-05
50057	SK-BR-3	10047-101	GDC-0941	0.015137	-0.10082	0.88594	0.038877	-0.21907	0.38519	0.99239	5.79E-05
50057	SK-BR-3	10234-101	GDC-0980	0.014835	-0.12787	1.0375	0.017432	-0.10146	1.1456	0.97532	0.00060918
50057	SK-BR-3	10128-101	GSK 690693	Inf	0.61562	0.41837	0	0.58718	0.01	-1.11E-15	1
50057	SK-BR-3	10172-101	GSK1059615	0.39601	-0.43535	0.72642	0.67733	-0.48359	1.2606	0.99843	2.45E-06
50057	SK-BR-3	10134-101	GSK1904529A	Inf	1.0362	0.054817	0	0.93417	0.01	1.11E-16	1
50057	SK-BR-3	10146-101	Omipalisib	-Inf	-0.48235	1.2487	0.01909	-1	0.15125	0.95893	0.0016867
50057	SK-BR-3	10014-101	GW843682X	0.10883	-0.23115	0.92206	0.12373	-0.15516	2.1064	0.96574	0.0011738
50057	SK-BR-3	10098-101	Gefitinib	0.84945	0.035933	0.48676	3.2685	-0.46792	0.4902	0.96654	0.0011198
50057	SK-BR-3	10108-101	Geldanamycin	-Inf	-0.45044	1.119	0	-0.13599	0.01	0	0.10066
50057	SK-BR-3	10015-101	HG-5-113-01	0.37405	-0.16277	0.66221	0.501	-0.2159	1.2283	0.99238	5.80E-05
50057	SK-BR-3	10016-101	HG-5-88-01	Inf	0.12772	0.38948	0	0.56441	0.01	0	0.41939
50057	SK-BR-3	10017-101	HG-6-64-01	1.9376	-0.4552	0.36806	4.8441	-1	1.199	0.97142	0.00081703
50057	SK-BR-3	10023-103	Imatinib	Inf	0.99413	-0.067483	0	1	0.01	-2.7903	0.99802
50057	SK-BR-3	10100-101	JNK-9L	0.35206	-0.20975	0.66993	1.1477	-0.57808	0.65017	0.91414	0.0073726
50057	SK-BR-3	10019-101	JW-7-24-1	0.51985	-0.23564	0.55939	6.7125	-1	0.42945	0.86309	0.018744
50057	SK-BR-3	10031-101	KIN001-043	4.1423	0.22078	0.26621	27.2222	-1	0.5835	0.8984	0.010323
50057	SK-BR-3	10115-102	LDN-193189	2.4821	-0.52576	0.32607	2.8674	-0.52882	5	0.99298	4.93E-05
50057	SK-BR-3	10051-104	Lapatinib	-Inf	-0.0060247	0.99768	0	0.014181	0.01	-8.88E-16	1
50057	SK-BR-3	10182-101	Linifanib	8.8274	0.23214	-0.010239	10.9964	-0.99987	5	0.91989	0.006417
50057	SK-BR-3	10135-101	Linsitinib	Inf	0.54203	0.27531	0	0.70436	0.01	1.11E-16	0.45595
50057	SK-BR-3	10057-102	MK2206	0.4148	-0.064821	0.57785	10.6667	-1	0.33834	0.95109	0.0023919
50057	SK-BR-3	10479-102	Mitoxantrone	-Inf	-0.70603	1.2311	0	-0.25809	0.01	-2.89E-15	0.066622
50057	SK-BR-3	10061-101	NU7441	4.3251	0.20729	0.2374	19.124	-1	0.73906	0.96621	0.0011418
50057	SK-BR-3	10122-101	NVP-AEW541	8.2382	0.26619	0.087382	10.7781	-0.66169	3.137	0.98833	0.00013618
50057	SK-BR-3	10161-101	Luminespib	-Inf	-0.017888	0.99634	0	0.0013542	0.01	-1.76E-13	1
50057	SK-BR-3	10024-101	NVP-TAE684	1.8158	-0.21666	0.38403	3.2848	-0.53438	1.2263	0.96707	0.0010846
50057	SK-BR-3	10018-101	Neratinib	-Inf	-0.23398	1.1603	0	-0.16376	0.01	0	1
50057	SK-BR-3	10099-101	Nilotinib	8.7	0.19738	-0.028994	10.8377	-0.99996	5	0.89445	0.011142
50057	SK-BR-3	10151-101	Nintedanib	4.5743	0.1009	0.19266	12.1606	-1	1.1236	0.98058	0.0003773
50057	SK-BR-3	10063-102	OSI-027	0.076739	0.0011464	0.818	0.073558	0.034326	1.6795	0.99513	2.37E-05
50057	SK-BR-3	10101-101	PD0325901	2.9686	0.19969	0.28592	4.4875	-0.21228	0.8564	0.98855	0.00013113
50057	SK-BR-3	10026-101	PD173074	8.7024	0.19785	-0.015966	10.8408	-0.99998	5	0.90996	0.0081069
50057	SK-BR-3	10048-101	PD184352	13.3813	0.61073	0.013473	8.3612	0.40061	3.4356	0.93254	0.0045503
50057	SK-BR-3	10116-101	PF431396	0.21855	-0.16422	0.7197	0.25024	-0.10619	1.4225	0.97893	0.00044415
50057	SK-BR-3	10112-101	PF477736	-Inf	-0.20915	1.1508	0.0022153	-0.21036	0.59753	0.99283	5.13E-05
50057	SK-BR-3	10072-101	PF562271	0.61866	-0.28424	0.56167	0.82343	-0.27029	1.5115	0.99252	5.59E-05
50057	SK-BR-3	10125-101	PHA-665752	6.17	0.10287	0.061643	6.1025	0.026738	4.994	0.9857	0.00020446
50057	SK-BR-3	10073-101	PHA-793887	-Inf	-0.32866	1.0226	0.40565	-1	0.15345	0.88507	0.013209
50057	SK-BR-3	10126-101	PI103	0.16244	-0.15538	0.78996	0.19967	-0.14753	1.2529	0.99791	4.37E-06
50057	SK-BR-3	10190-101	PIK-93	3.9645	-0.010581	0.17142	5.2491	-0.32773	1.796	0.98252	0.00030543
50057	SK-BR-3	10049-101	PLX-4720	3.8301	0.25377	0.13108	3.333	0.25047	5	0.99105	8.01E-05
50057	SK-BR-3	10071-101	Palbociclib	Inf	0.51101	0.38254	0.054478	0.52862	0.80964	0.96656	0.0011181
50057	SK-BR-3	10159-101	Pelitinib	0.064363	-0.2391	0.95223	0.082468	-0.17917	1.2355	0.95006	0.0024939
50057	SK-BR-3	10075-101	QL-X-138	0.044089	-0.25631	0.80747	2.6846	-1	0.26736	0.94879	0.0026224
50057	SK-BR-3	10077-101	QL-XII-47	0.050932	-0.28771	0.96089	0.14258	-0.4233	0.59582	0.9918	6.72E-05
50057	SK-BR-3	10040-101	R406	10.8166	0.6316	0.0016843	13.4571	-0.99028	5	0.84014	0.025555
50057	SK-BR-3	10480-101	Radicicol	0.016987	-0.16057	0.97462	0.021204	-0.097883	0.80625	0.91936	0.0065023
50057	SK-BR-3	10052-101	Sirolimus	0.011133	0.35198	0.59137	0.0015503	0.094165	0.10584	0.98921	0.00011642
50057	SK-BR-3	10138-105	Ruxolitinib	Inf	0.82785	0.083683	0	0.90703	0.01	-3.75E-12	0.90564
50057	SK-BR-3	10046-101	SB590885	7.2122	-0.26533	0.0014143	8.9844	-0.99996	5	0.93829	0.003808
50057	SK-BR-3	10119-101	SU11274	6.6347	0.0053447	0.065363	8.2983	-0.53629	3.2573	0.9613	0.0014974
50057	SK-BR-3	10032-101	Saracatinib	6.1278	0.19649	0.11041	12.9796	-0.97091	1.4377	0.94849	0.0026532
50057	SK-BR-3	10056-101	Selumetinib	Inf	0.97046	-0.033685	0	1	0.01	-0.53875	0.92747
50057	SK-BR-3	10035-101	Sigma A6730	Inf	0.29603	0.35873	0	0.61524	0.01	-1.78E-15	0.076157
50057	SK-BR-3	10008-101	Sorafenib	8.7389	0.20872	0.083619	10.8849	-0.99902	5	0.97395	0.00067835
50057	SK-BR-3	10141-101	TG 101348	3.0334	-0.21168	0.27678	7.3656	-1	1.2384	0.98824	0.00013837
50057	SK-BR-3	10171-101	TGX221	Inf	0.88811	0.11646	0	0.86708	0.01	0	1
50057	SK-BR-3	10111-101	TWS119	3.3092	-0.22872	0.19987	3.5752	-0.23595	5	0.99039	9.24E-05
50057	SK-BR-3	10079-101	Torin1	-Inf	-0.23548	1.1045	0.01068	-0.84366	0.1	0.99424	3.31E-05
50057	SK-BR-3	10080-101	Torin2	-Inf	-0.31052	1.1901	0	-0.19673	0.01	-2.22E-16	0.12825
50057	SK-BR-3	10021-101	Tozasertib	-Inf	-0.10154	1.1046	0	-0.10406	0.01	0	1
50057	SK-BR-3	10142-101	Trametinib	Inf	0.62931	0.40129	0	0.59451	0.01	-2.00E-15	1
50057	SK-BR-3	10068-101	Vemurafenib	Inf	0.80407	0.013533	4.0866	0.80174	4.9505	0.91069	0.0079759
50057	SK-BR-3	10039-101	WH-4-025	4.8595	-0.19492	0.22007	8.3106	-1	2.0474	0.94941	0.0025595
50057	SK-BR-3	10064-101	WYE-125132	-Inf	-0.076384	1.0246	0	-0.021689	0.01	-2.22E-13	0.077039
50057	SK-BR-3	10082-101	WZ-4-145	0.03663	-0.3144	0.78693	3.1517	-1	0.24661	0.79188	0.043315
50057	SK-BR-3	10084-101	WZ3105	-Inf	-0.28541	1.2941	0	-0.29237	0.01	-5.06E-12	1
50057	SK-BR-3	10481-101	Withaferin A	0.2522	-0.29796	0.78766	0.301	-0.26001	2.3673	0.99143	7.35E-05
50057	SK-BR-3	10148-101	XL147	Inf	0.65532	-0.091886	0	1	0.01	-0.10607	0.21214
50057	SK-BR-3	10086-101	XMD11-50	0.74895	0.053341	0.49616	22.0614	-1	0.32475	0.93023	0.0048673
50057	SK-BR-3	10087-101	XMD11-85h	Inf	0.51737	0.27199	0	0.69961	0.01	2.22E-16	0.97008
50057	SK-BR-3	10091-101	XMD16-144	-Inf	-0.25271	1.0111	0	-0.0049081	0.01	-2.00E-15	0.076
50057	SK-BR-3	10149-102	Y39983	2.2257	-0.13335	0.36132	9.1542	-1	0.77686	0.91164	0.0078081
50057	SK-BR-3	10109-101	YM 201636	6.0214	0.17085	0.12374	12.686	-0.99997	1.4743	0.9661	0.001149
50057	SK-BR-3	10053-101	ZSTK474	0.10707	-0.043558	0.80772	0.11519	-0.047733	1.2477	0.99983	2.83E-08